{"Germany": ["Berlin, Germany", "Hamburg, Germany", "Munich, Germany", "Cologne, Germany"], "France": ["Paris, France", "Marseille, France", "Lyon, France", "Toulouse, France"], "United Kingdom": ["London, United Kingdom", "Birmingham, United Kingdom", "Manchester, United Kingdom", "Leeds, United Kingdom"], "Italy": ["Rome, Italy", "Milan, Italy", "Naples, Italy", "Turin, Italy"], "Spain": ["Madrid, Spain", "Barcelona, Spain", "Valencia, Spain", "Seville, Spain"], "Poland": ["Warsaw, Poland", "Krak\u00f3w, Poland", "\u0141\u00f3d\u017a, Poland", "Wroc\u0142aw, Poland"], "Ukraine": ["Kyiv, Ukraine", "Kharkiv, Ukraine", "Dnipro, Ukraine", "Odesa, Ukraine"], "Romania": ["Bucharest, Romania", "Cluj-Napoca, Romania", "Timi\u0219oara, Romania", "Ia\u0219i, Romania"], "Netherlands": ["Amsterdam, Netherlands", "Rotterdam, Netherlands", "The Hague, Netherlands", "Utrecht, Netherlands"], "Belgium": ["Brussels, Belgium", "Antwerp, Belgium", "Ghent, Belgium", "Charleroi, Belgium"], "Greece": ["Thessaloniki, Greece"], "Portugal": ["Lisbon, Portugal", "Porto, Portugal", "Vila Nova de Gaia, Portugal", "Amadora, Portugal"], "Sweden": ["Stockholm, Sweden", "Malm\u00f6, Sweden", "Uppsala, Sweden"], "Hungary": ["Budapest, Hungary", "Debrecen, Hungary", "Szeged, Hungary", "Miskolc, Hungary"], "Austria": ["Vienna, Austria", "Graz, Austria", "Linz, Austria", "Salzburg, Austria"], "Switzerland": ["Z\u00fcrich, Switzerland", "Geneva, Switzerland", "Basel, Switzerland", "Lausanne, Switzerland"], "Ireland": ["Dublin, Ireland", "Cork, Ireland", "Limerick, Ireland", "Galway, Ireland"], "Norway": ["Oslo, Norway", "Bergen, Norway", "Trondheim, Norway", "Stavanger, Norway"], "Denmark": [], "Finland": ["Helsinki, Finland", "Espoo, Finland", "Tampere, Finland", "Vantaa, Finland"], "United States": ["New York City, United States", "Los Angeles, United States", "Chicago, United States", "Houston, United States"], "Canada": ["Vancouver, Canada", "Ottawa, Canada", "Montreal, Canada", "Toronto, Canada"], "Brazil": ["Sao Paulo, Brazil", "Rio de Janeiro, Brazil", "Fortaleza, Brazil"], "Argentina": ["Buenos Aires, Argentina", "Cordoba, Argentina", "Rosario, Argentina"], "Egypt": ["Alexandria, Egypt"], "Algeria": ["Algiers, Algeria", "Oran, Algeria"], "India": ["New Delhi, India", "Bangalore, India"], "Indonesia": ["Bandung, Indonesia", "Surabaya, Indonesia"], "Australia": ["Melbourne, Australia"]}